{
  "answers": {
    "phase": "architecture",
    "action": "microservices definition",
    "scope": "messaging design",
    "action experience": 0,
    "prog lang": "other",
    "other prog lang": "<fill in>",
    "aimodel": "chatgpt",
    "aimodel version": "<fill in>",
    "lmstudio-hosted aimodel": "<fill-in>",
    "tool option": "online free",
    "experience with tool": 5,
    "time allocated (h)": "0.5",
    "time saved estimate (h)": "1",
    "quality of ai help": 3,
    "knowledge acquired": 4,
    "generic feeling - now": 4,
    "generic feeling - future": 4,
    "threat level": 0,
    "notes": "<fill in>"
  }
}
