{
  "answers": {
    "phase": "architecture",
    "action": "container structuring",
    "scope": "container configuration",
    "action experience": 0,
    "prog lang": "n/a",
    "other prog lang": "<fill in>",
    "aimodel": "lmstudio-hosted",
    "aimodel version": "3",
    "lmstudio-hosted aimodel": "llama",
    "tool option": "locally-run",
    "experience with tool": 0,
    "time allocated (h)": "0.5",
    "time saved estimate (h)": "0.5",
    "quality of ai help": 3,
    "knowledge acquired": 4,
    "generic feeling - now": 3,
    "generic feeling - future": 4,
    "threat level": 0,
    "notes": "<fill in>"
  }
}
