{
  "answers": {
    "phase": "coding",
    "action": "source code authoring",
    "scope": "frontend",
    "action experience": 3,
    "prog lang": "js",
    "other prog lang": "<fill in>",
    "aimodel": "lmstudio-hosted",
    "aimodel version": "3",
    "lmstudio-hosted aimodel": "llama",
    "tool option": "locally-run",
    "experience with tool": 0,
    "time allocated (h)": "0.5",
    "time saved estimate (h)": "0.5",
    "quality of ai help": 1,
    "knowledge acquired": 1,
    "generic feeling - now": 1,
    "generic feeling - future": 3,
    "threat level": 0,
    "notes": "<fill in>"
  }
}
